{"cameraMode":{"drawMode":0,"name":"Shaded","section":"Shading Mode"},"sceneLighting":false,"audioPlay":false,"sceneViewState":{"showFog":true,"showMaterialUpdate":false,"showSkybox":true,"showFlares":true,"showImageEffects":true,"showParticleSystems":true},"in2DMode":false,"pivot":{"x":-19579.9453125,"y":6035.8212890625,"z":-19719.41796875},"rotation":{"x":0.11170395463705063,"y":-0.8620030879974365,"z":0.21674744784832,"w":0.4445309340953827},"size":470.29754638671877,"orthographic":false}