{"cameraMode":{"drawMode":0,"name":"Shaded","section":"Shading Mode"},"sceneLighting":false,"audioPlay":false,"sceneViewState":{"showFog":true,"showMaterialUpdate":false,"showSkybox":true,"showFlares":true,"showImageEffects":true,"showParticleSystems":true},"in2DMode":false,"pivot":{"x":-19871.828125,"y":5660.5341796875,"z":-19659.572265625},"rotation":{"x":-0.13442951440811158,"y":0.8567087650299072,"z":-0.27947625517845156,"w":-0.4122910797595978},"size":1055.9112548828125,"orthographic":false}